userid,Department,Email,FirstName,LastName,Location,personalid
1,Finance,Javier_Noach8251@iaart.club,Javier,Noach,Italy,534-88-0212
2,Management,Nathan_Attwood9059@evyvh.media,Nathan,Attwood,Guinea,108-80-5445
3,Research and Development,Boris_Khan4488@hepmv.audio,Boris,Khan,Chad,577-13-7728
4,Sales,Doug_Trent7630@gnjps.audio,Doug,Trent,Mozambique,632-25-6042
5,Accounting,Alessia_Reynolds1126@gkvds.auction,Alessia,Reynolds,Uzbekistan,215-86-2051
6,Sales,Chris_Wilson3970@karnv.design,Chris,Wilson,Yemen,603-20-1761
7,Accounting,Denis_Hall1724@jcf8v.info,Denis,Hall,Qatar,470-70-1264
8,Human Resources,Gil_Knott5371@nb44i.video,Gil,Knott,Libya,373-41-0725
9,IT,Enoch_Jenkin1678@yfxpw.store,Enoch,Jenkin,Kuwait,800-46-7045
10,Operations,Oliver_Kennedy3840@gkvds.ca,Oliver,Kennedy,Somalia,787-42-6153
11,IT,Noah_Barrett2170@mpibr.software,Noah,Barrett,Serbia,542-25-0285
12,Management,Ron_Waterhouse9179@urn0m.store,Ron,Waterhouse,Armenia,303-45-2882
13,Accounting,Owen_Giles5312@cke3u.software,Owen,Giles,Ecuador,631-61-8446
14,Research and Development,Hannah_Fenton9431@gnjps.website,Hannah,Fenton,Nauru,723-70-1332
15,Research and Development,Jayden_Farrow7336@cdpfn.org,Jayden,Farrow,Solomon Islands,121-61-0888
16,Purchasing,Deborah_Hunter582@chkzl.digital,Deborah,Hunter,Belarus,683-46-1628
17,IT,Brad_Purvis7779@urn0m.name,Brad,Purvis,Turkmenistan,654-06-2480
18,Management,Mara_Shaw9457@mpibr.club,Mara,Shaw,Vatican City,024-04-0332
19,Human Resources,Johnathan_Cox121@crzq7.digital,Johnathan,Cox,Afghanistan,285-68-5845
20,Accounting,Kieth_Smith9948@3wbkp.digital,Kieth,Smith,Morocco,645-02-4053
21,Human Resources,Analise_Davies3805@lhp4j.store,Analise,Davies,Sao Tome and Principe,535-50-5447
22,Finance,Domenic_Clark1301@karnv.net,Domenic,Clark,Maldives,274-48-3404
23,Sales,Ciara_Radcliffe4472@6ijur.zone,Ciara,Radcliffe,United Kingdom,383-55-8054
24,Marketing,Sebastian_Brown9872@ptr6k.autos,Sebastian,Brown,Kosovo,017-46-0144
25,Sales,Natalie_Jobson8158@nmz0p.net,Natalie,Jobson,Hungary,782-46-8384
26,Management,Alexander_Lewis5480@3wbkp.meet,Alexander,Lewis,Nigeria,328-75-8200
27,Human Resources,Lorraine_Vaughan4494@c2nyu.page,Lorraine,Vaughan,Czech Republic,132-03-1341
28,Sales,Chanelle_Parsons4874@hepmv.center,Chanelle,Parsons,Mexico,416-71-0045
29,Marketing,Bob_Bennett6600@urn0m.store,Bob,Bennett,Suriname,384-18-0524
30,Accounting,Melody_Collins4036@karnv.directory,Melody,Collins,Belarus,847-80-3157
31,Human Resources,Kieth_Yard2748@uagvw.solutions,Kieth,Yard,Micronesia,148-44-0146
32,Operations,Margot_Downing6258@v1wn5.autos,Margot,Downing,Nigeria,523-32-4251
33,Management,Nicholas_Mills6840@hepmv.catering,Nicholas,Mills,Tunisia,230-14-3633
34,IT,Clint_Addis5636@evyvh.solutions,Clint,Addis,Thailand,570-67-8583
35,Research and Development,Alan_Becker3953@voylg.biz,Alan,Becker,Haiti,374-01-7608
36,IT,Makenzie_Dunbar3388@mpibr.org,Makenzie,Dunbar,Tuvalu,058-73-3321
37,Research and Development,Rylee_Leslie9246@nmz0p.shop,Rylee,Leslie,New Zealand,118-74-8268
38,Finance,Candice_Barrett8422@chkzl.shop,Candice,Barrett,Malta,242-58-4070
39,Finance,Hayden_Grey2692@voylg.zone,Hayden,Grey,Uganda,118-45-5504
40,Accounting,Ciara_Chadwick3710@iscmr.software,Ciara,Chadwick,India,580-72-6803
41,Management,Denis_Dann5257@zynuu.info,Denis,Dann,Congo,633-46-8543
42,IT,Chris_Moore2585@ckzyi.site,Chris,Moore,Saint Lucia,625-07-4031
43,Human Resources,Leroy_Thomson704@ckzyi.us,Leroy,Thomson,Ghana,583-58-0328
44,Human Resources,Logan_Villiger846@1wa8o.com,Logan,Villiger,Saint Vincent and the Grenadines,755-27-8304
45,Management,Jayden_Gibbons7985@yvu30.video,Jayden,Gibbons,Honduras,566-26-1178
46,Sales,Manuel_Wilcox2052@iaart.ca,Manuel,Wilcox,Liechtenstein,184-47-0853
47,Purchasing,Cassandra_Quinton235@v1wn5.info,Cassandra,Quinton,Micronesia,400-70-3338
48,IT,Marilyn_Griffiths4212@gnjps.software,Marilyn,Griffiths,China,507-67-6662
49,Marketing,Rocco_Hilton6174@chkzl.audio,Rocco,Hilton,Zambia,633-41-5107
50,Management,Francesca_Slater9727@cdpfn.app,Francesca,Slater,Madagascar,313-36-3316
51,Human Resources,Rick_Hamilton6576@xtwt3.media,Rick,Hamilton,Indonesia,643-84-4668
52,Accounting,Mark_Lloyd8350@yvu30.net,Mark,Lloyd,Lesotho,122-30-8033
53,Finance,Nick_Wise738@yafr7.space,Nick,Wise,Saint Lucia,256-58-6666
54,Finance,Maria_Donovan7657@avn7d.host,Maria,Donovan,Uzbekistan,472-55-5351
55,Sales,Elijah_Varndell8691@avn7d.online,Elijah,Varndell,"Sudan, South",548-61-4553
56,Marketing,Audrey_Seymour2162@dbxli.edu,Audrey,Seymour,Palau,536-25-8387
57,Finance,Aiden_Randall6080@dbxli.property,Aiden,Randall,Iran,168-82-2582
58,Human Resources,Marvin_Jobson2490@bcfhs.net,Marvin,Jobson,Algeria,266-38-4563
59,IT,Marvin_Casey8672@ptr6k.directory,Marvin,Casey,Kosovo,004-02-1032
60,Marketing,Belinda_Ballard518@evyvh.press,Belinda,Ballard,Haiti,306-12-1328
61,Purchasing,Hayden_Moreno2599@jh02o.app,Hayden,Moreno,Mongolia,281-08-5605
62,Management,Eduardo_Knight1944@ckzyi.pro,Eduardo,Knight,Bhutan,432-46-7073
63,Finance,Michael_Baxter5716@mpibr.net,Michael,Baxter,Comoros,706-33-4005
64,Purchasing,Sloane_Hill8048@hepmv.ca,Sloane,Hill,Saint Vincent and the Grenadines,648-74-0014
65,Sales,Bob_Hunt1111@qu9ml.store,Bob,Hunt,Sao Tome and Principe,345-81-8141
66,Purchasing,George_Stevens3851@d9un8.design,George,Stevens,Philippines,776-53-0527
67,Management,Chris_Gunn4056@yfxpw.digital,Chris,Gunn,Trinidad and Tobago,387-15-5632
68,Purchasing,Rick_Ogilvy9805@cdpfn.ca,Rick,Ogilvy,Azerbaijan,224-30-4062
69,Research and Development,Priscilla_Ranks9237@qu9ml.media,Priscilla,Ranks,Uruguay,862-42-2020
70,IT,Martin_Robinson1049@yafr7.digital,Martin,Robinson,Madagascar,164-03-3743
71,Research and Development,Luke_Emmett8202@gnjps.us,Luke,Emmett,Cambodia,031-60-8310
72,Accounting,Gil_Hooper7282@ckzyi.host,Gil,Hooper,Kenya,738-45-2488
73,Marketing,Harvey_Mcguire4472@fhuux.edu,Harvey,Mcguire,Iran,077-71-6083
74,Management,Lana_Robertson9974@yahoo.ca,Lana,Robertson,Micronesia,041-24-1670
75,Human Resources,Jaylene_Adams7988@urn0m.edu,Jaylene,Adams,Angola,570-05-5751
76,Marketing,Erica_Robinson5498@1kmd3.pro,Erica,Robinson,Sweden,313-15-6100
77,Research and Development,Oliver_Bentley3332@ds59r.catering,Oliver,Bentley,Chile,343-13-7262
78,Operations,Jayden_Rose8836@3wbkp.directory,Jayden,Rose,El Salvador,351-00-1885
79,Purchasing,Colleen_Graham8440@nmz0p.website,Colleen,Graham,Oman,148-70-2143
80,Operations,Boris_Hunt4046@nmz0p.mobi,Boris,Hunt,Liberia,807-02-2316
81,Human Resources,Johnathan_Brown1034@qu9ml.tech,Johnathan,Brown,Spain,670-13-2855
82,Management,Brad_Pratt9682@nanoff.video,Brad,Pratt,Myanmar,837-17-1562
83,Research and Development,Kurt_Callan6189@iaart.site,Kurt,Callan,Kenya,655-15-6746
84,Finance,Manuel_Warner5381@p5emz.store,Manuel,Warner,Sri Lanka,157-37-6340
85,Marketing,Logan_Oliver8045@gnjps.info,Logan,Oliver,Cyprus,286-22-6051
86,Operations,Juliet_Santos2223@voylg.property,Juliet,Santos,Mali,371-48-7165
87,IT,Phillip_Howard762@ohqqh.audio,Phillip,Howard,Kiribati,275-78-8765
88,Research and Development,Danielle_Drummond3333@yfxpw.pro,Danielle,Drummond,Côte d’Ivoire,310-03-0446
89,Management,Janelle_Eagle1997@nanoff.info,Janelle,Eagle,Venezuela,838-04-7372
90,Management,Barney_Allcott8475@p5emz.pro,Barney,Allcott,Central African Republic,685-78-7021
91,Operations,Julius_Hobbs2562@crzq7.online,Julius,Hobbs,Palau,353-67-2620
92,Marketing,Phoebe_Marshall6685@ckzyi.tech,Phoebe,Marshall,The Gambia,445-18-4872
93,Research and Development,Barney_Ring1651@evyvh.tech,Barney,Ring,Liberia,418-37-6857
94,Research and Development,Vicky_Holmes7760@1kmd3.directory,Vicky,Holmes,Liechtenstein,677-83-0485
95,Research and Development,Chester_Page 4469@avn7d.zone,Chester,Page ,Austria,146-56-7651
96,Marketing,Mabel_Simmons6333@1kmd3.us,Mabel,Simmons,Kyrgyzstan,328-40-0442
97,Purchasing,Isabel_Higgs7286@bu2lo.biz,Isabel,Higgs,El Salvador,432-60-8022
98,Management,Robyn_Armstrong2144@yfxpw.site,Robyn,Armstrong,Ireland,087-31-3214
99,IT,Marvin_Marshall6426@nanoff.zone,Marvin,Marshall,Croatia,047-63-2716
100,Marketing,Jack_Kirby6411@qu9ml.online,Jack,Kirby,Samoa,663-53-0854
